nombre,nombre_generico,grupo,para_que_sirve,precauciones,efectos_frecuentes,cuando_consultar,nivel_riesgo,fuente_base,url_fuente,fecha_revision,nivel_confianza,pais_contexto
Paracetamol,Acetaminofén,Analgésico / Antipirético,"Alivia dolor leve a moderado (cabeza, muscular, dental) y baja la fiebre.",No superar 4 g/día en adultos. Evitar con daño hepático severo o consumo habitual de alcohol. No combinar con otros productos que contengan paracetamol.,Bien tolerado a dosis correctas. En sobredosis puede dañar el hígado.,"Si tiene dolor abdominal intenso en el cuadrante superior derecho, orina oscura o piel amarillenta después de tomarlo.",bajo,curada_local_v1,,2026-04-05,revision_inicial,LAT
Ibuprofeno,Ibuprofeno,Antiinflamatorio (AINE),"Alivia dolor, inflamación y fiebre. Útil en dolores musculares, articulares, menstruales y cefaleas.","Tomar con alimentos. Evitar en úlcera gástrica, insuficiencia renal o cardíaca. Precaución en mayores de 65 años.","Malestar estomacal, náuseas, acidez. Menos frecuente: mareos o dolor de cabeza.","Si nota sangre en las heces o heces negras, hinchazón facial, dificultad para respirar o dolor de pecho.",moderado,curada_local_v1,,2026-04-05,revision_inicial,LAT
Aspirina,Ácido acetilsalicílico,Antiinflamatorio (AINE) / Antiagregante,A dosis bajas (100 mg) previene coágulos en riesgo cardiovascular. A dosis altas alivia dolor y fiebre.,No dar a menores de 16 años. Evitar en úlcera gástrica. Puede aumentar el riesgo de sangrado.,Malestar estomacal. A dosis altas: zumbido en oídos.,"Si presenta vómitos con sangre, heces negras o alquitranadas, o zumbido intenso en oídos.",moderado,curada_local_v1,,2026-04-05,revision_inicial,LAT
Diclofenaco,Diclofenaco sódico,Antiinflamatorio (AINE),"Reduce dolor e inflamación en contracturas, artritis, golpes y dolor postoperatorio.","Tomar con alimentos. Evitar en úlcera péptica, problemas renales o cardíacos. No usar por períodos prolongados sin indicación médica.","Molestias gástricas, náuseas, diarrea. Posible elevación de presión arterial.","Si nota hinchazón importante en piernas, dificultad para respirar, heces oscuras o sangre en orina.",moderado,curada_local_v1,,2026-04-05,revision_inicial,LAT
Ketorolaco,Ketorolaco trometamina,Antiinflamatorio (AINE),Alivia dolor moderado a intenso de corta duración. Se usa después de cirugías o en cólicos renales.,"Uso máximo 5 días. Contraindicado en úlcera, insuficiencia renal o antes de cirugías. No combinar con otros AINEs.","Malestar gástrico, mareos. Puede elevar la presión arterial o afectar los riñones.","Si nota sangrado, orina oscura, hinchazón en cara o dificultad para respirar.",moderado,curada_local_v1,,2026-04-05,revision_inicial,LAT
Amoxicilina,Amoxicilina,Antibiótico (penicilina),"Trata infecciones bacterianas: respiratorias, urinarias, otitis, faringitis.",Informar alergias a penicilinas. Completar el tratamiento aunque mejore. Solo con prescripción médica.,"Diarrea, náuseas, erupciones cutáneas. Rara vez: reacción alérgica grave.","Si aparece sarpullido generalizado, dificultad para respirar o hinchazón de cara.",moderado,curada_local_v1,,2026-04-05,revision_inicial,LAT
Amoxicilina + Clavulánico,Amoxicilina/Ácido clavulánico,Antibiótico (penicilina + inhibidor de betalactamasa),"Trata infecciones bacterianas resistentes a amoxicilina simple: sinusitis, bronquitis, infecciones de piel y vías urinarias.",Informar alergias a penicilinas. Puede causar diarrea con más frecuencia que la amoxicilina sola. No usar sin prescripción.,"Diarrea, náuseas, molestias gástricas. Menos frecuente: ictericia colestásica.","Si desarrolla sarpullido, ictericia (piel amarilla) o diarrea grave con sangre.",moderado,curada_local_v1,,2026-04-05,revision_inicial,LAT
Cefalexina,Cefalexina,Antibiótico (cefalosporina 1G),"Trata infecciones de piel, tejidos blandos, vías urinarias y respiratorias causadas por bacterias sensibles.",Informar alergias a penicilinas (posible reactividad cruzada). Completar el ciclo completo indicado.,"Diarrea, náuseas, molestias gástricas. Raramente: erupciones o reacciones alérgicas.","Si nota erupciones generalizadas, dificultad para respirar o diarrea severa.",moderado,curada_local_v1,,2026-04-05,revision_inicial,LAT
Claritromicina,Claritromicina,Antibiótico (macrólido),"Trata infecciones respiratorias (bronquitis, neumonía), de piel y Helicobacter pylori.","Puede interactuar con varios medicamentos (estatinas, anticoagulantes). Precaución en problemas cardíacos o hepáticos.","Sabor metálico, náuseas, diarrea, molestias abdominales. Puede alterar el ritmo cardíaco.","Si presenta palpitaciones irregulares, ictericia, erupciones o diarrea con sangre.",moderado,curada_local_v1,,2026-04-05,revision_inicial,LAT
Cotrimoxazol,Trimetoprim/Sulfametoxazol,Antibiótico (sulfonamida),"Trata infecciones urinarias, algunas infecciones respiratorias y diarreas infecciosas.",Beber suficiente agua. Evitar en insuficiencia renal grave o alergia a sulfas. Protegerse del sol.,"Náuseas, erupciones, sensibilidad al sol. Raramente: reacciones graves en piel.","Si aparece sarpullido con ampollas, coloración amarilla, fiebre alta o dificultad para orinar.",moderado,curada_local_v1,,2026-04-05,revision_inicial,LAT
Metronidazol,Metronidazol,Antibiótico / Antiparasitario,"Trata infecciones por bacterias anaerobias, tricomoniasis, giardia y amebiasis intestinal.",No consumir alcohol durante el tratamiento ni 48 h después (reacción severa). Evitar en el primer trimestre del embarazo.,"Sabor metálico, náuseas, sequedad de boca. Puede oscurecer la orina.","Si tiene convulsiones, hormigueo en manos o pies, o síntomas neurológicos inusuales.",moderado,curada_local_v1,,2026-04-05,revision_inicial,LAT
Doxiciclina,Doxiciclina,Antibiótico (tetraciclina),"Trata infecciones respiratorias, de piel, infecciones de transmisión sexual (clamidia) y malaria (profilaxis).","Tomar con abundante agua en posición erguida. Evitar con lácteos, antiácidos o calcio. Usar protección solar. No en menores de 8 años ni embarazadas.","Náuseas, fotosensibilidad, dolor esofágico si se toma sin agua.","Si presenta dificultad para tragar, dolor torácico al deglutir, erupciones severas o problemas visuales.",moderado,curada_local_v1,,2026-04-05,revision_inicial,LAT
Nitrofurantoína,Nitrofurantoína,Antibiótico (nitrofurano),"Trata infecciones urinarias sin complicaciones. Solo actúa en el tracto urinario, no sirve para otras infecciones.",Tomar con alimentos. No usar en insuficiencia renal avanzada. Puede teñir la orina de marrón (normal).,"Náuseas, dolor abdominal, orina de color marrón. Raramente: daño pulmonar con uso prolongado.","Si presenta dificultad para respirar, fiebre, tos persistente o erupciones tras tomarlo.",moderado,curada_local_v1,,2026-04-05,revision_inicial,LAT
Clindamicina,Clindamicina,Antibiótico (lincosamida),"Trata infecciones graves de piel, huesos, tejidos blandos e infecciones dentales en personas alérgicas a penicilinas.",Riesgo de diarrea grave por Clostridioides difficile. Completar el tratamiento. Informar al médico cualquier diarrea persistente.,"Diarrea, náuseas, molestias abdominales. El efecto adverso más serio es la colitis pseudomembranosa.","Si tiene diarrea acuosa o con sangre, fiebre o calambres abdominales intensos durante o después del tratamiento.",moderado,curada_local_v1,,2026-04-05,revision_inicial,LAT
Azitromicina,Azitromicina,Antibiótico (macrólido),"Trata infecciones respiratorias (neumonía leve, sinusitis), de piel y algunas infecciones de transmisión sexual.",No usar sin prescripción. Completar el ciclo. Precaución en problemas cardíacos o hepáticos.,"Diarrea, náuseas, dolor abdominal. Ocasionalmente: alteración del gusto.","Si nota palpitaciones irregulares, ictericia o diarrea severa con sangre.",moderado,curada_local_v1,,2026-04-05,revision_inicial,LAT
Ciprofloxacino,Ciprofloxacino,Antibiótico (fluoroquinolona),"Trata infecciones urinarias complicadas, intestinales y algunas respiratorias.",No tomar con lácteos ni antiácidos simultáneamente. Puede dañar tendones. Evitar exposición solar intensa.,"Náuseas, diarrea, mareos. Poco frecuente: dolor en tendones.","Si siente dolor o inflamación en un tendón (especialmente el talón de Aquiles), o tiene convulsiones.",moderado,curada_local_v1,,2026-04-05,revision_inicial,LAT
Metformina,Metformina,Antidiabético (biguanida),Controla el azúcar en sangre en diabetes tipo 2. No causa hipoglucemia por sí sola.,Tomar con comidas para reducir molestias digestivas. Avisar al médico antes de procedimientos con contraste. Suspender si hay infección grave o deshidratación.,"Náuseas, diarrea, malestar estomacal al inicio. Suelen mejorar con el tiempo.","Si tiene náuseas intensas, dolor abdominal, debilidad extrema o dificultad para respirar (posible acidosis láctica, rara pero grave).",moderado,curada_local_v1,,2026-04-05,revision_inicial,LAT
Glibenclamida,Glibenclamida,Antidiabético (sulfonilurea),Estimula al páncreas a producir insulina para bajar el azúcar en sangre en diabetes tipo 2.,"Puede causar hipoglucemia (azúcar baja), especialmente si se salta comidas. Precaución en mayores y en insuficiencia renal.","Hipoglucemia, aumento de peso, náuseas. Raramente: reacciones en piel.","Si presenta sudoración fría, temblor, confusión, palpitaciones o pérdida de conocimiento (hipoglucemia).",moderado,curada_local_v1,,2026-04-05,revision_inicial,LAT
Sitagliptina,Sitagliptina,Antidiabético (inhibidor DPP-4),Ayuda a controlar el azúcar en sangre estimulando la insulina solo cuando los niveles están elevados. Bajo riesgo de hipoglucemia.,Ajustar dosis en insuficiencia renal. Se puede tomar con o sin alimentos.,"Bien tolerado. Poco frecuente: infecciones respiratorias altas, pancreatitis (rara).","Si presenta dolor abdominal severo irradiado a la espalda (posible pancreatitis), o erupciones en piel.",moderado,curada_local_v1,,2026-04-05,revision_inicial,LAT
Empagliflozina,Empagliflozina,Antidiabético (inhibidor SGLT2),Reduce el azúcar en sangre eliminando glucosa por la orina. También protege el corazón y los riñones.,Puede aumentar el riesgo de infecciones urinarias y genitales. Mantenerse bien hidratado. No usar en insuficiencia renal avanzada.,"Infecciones urinarias o genitales frecuentes, micción aumentada. Raramente: cetoacidosis diabética.","Si tiene sed extrema, fatiga intensa, vómitos o dolor abdominal (posible cetoacidosis), o signos de infección grave.",moderado,curada_local_v1,,2026-04-05,revision_inicial,LAT
Insulina NPH,Insulina isofánica (NPH),Antidiabético (insulina),Reemplaza o complementa la insulina en diabetes tipo 1 y tipo 2 cuando otros medicamentos no son suficientes.,Conservar en refrigerador. Rotar los sitios de inyección. Nunca saltarse comidas tras la inyección. Ajuste de dosis solo con indicación médica.,"Hipoglucemia, reacción en sitio de inyección, aumento de peso.","Si tiene sudoración fría, confusión, temblores o pérdida de conocimiento (hipoglucemia), ingerir azúcar y consultar urgente.",alto,curada_local_v1,,2026-04-05,revision_inicial,LAT
Atorvastatina,Atorvastatina,Hipolipemiante (estatina),Reduce el colesterol LDL y triglicéridos. Disminuye el riesgo de infartos y ACV.,Tomar a la misma hora. Avisar si aparece dolor muscular intenso. Evitar consumo excesivo de alcohol.,"Dolor muscular leve, molestias digestivas. Raramente: daño muscular grave (miopatía).","Si tiene dolor muscular intenso, orina oscura o coloración amarilla en piel.",moderado,curada_local_v1,,2026-04-05,revision_inicial,LAT
Rosuvastatina,Rosuvastatina,Hipolipemiante (estatina),Reduce de forma potente el colesterol LDL. Usado cuando atorvastatina no es suficiente.,No tomar con antiácidos de aluminio/magnesio al mismo tiempo. Avisar si aparece dolor muscular.,"Dolor muscular, cefalea, molestias abdominales.","Si presenta dolor muscular intenso o debilidad generalizada, orina de color marrón.",moderado,curada_local_v1,,2026-04-05,revision_inicial,LAT
Simvastatina,Simvastatina,Hipolipemiante (estatina),Reduce el colesterol LDL. Disminuye el riesgo cardiovascular.,Evitar con jugo de pomelo/toronja. Interacciones importantes con varios medicamentos. Informar al médico todos los medicamentos que toma.,"Dolor muscular, trastornos digestivos. Raramente: daño muscular grave.","Si tiene dolor muscular intenso o debilidad, orina oscura.",moderado,curada_local_v1,,2026-04-05,revision_inicial,LAT
Losartán,Losartán potásico,Antihipertensivo (ARA II),Baja la presión arterial y protege los riñones en personas con diabetes o hipertensión.,No tomar en embarazo. Controlar el potasio. No suspender de forma abrupta.,"Mareos al levantarse, cansancio. Poco frecuente: aumento del potasio.","Si tiene potasio muy alto (calambres, debilidad), presión muy baja o edema generalizado.",moderado,curada_local_v1,,2026-04-05,revision_inicial,LAT
Valsartán,Valsartán,Antihipertensivo (ARA II),Reduce la presión arterial y protege el corazón en insuficiencia cardíaca.,No tomar en embarazo. Monitorear la función renal y el potasio. No suspender sin indicación médica.,"Mareos, hipotensión al levantarse. Puede elevar el potasio.","Si tiene mareos intensos al ponerse de pie, debilidad muscular o irregularidades cardíacas.",moderado,curada_local_v1,,2026-04-05,revision_inicial,LAT
Enalapril,Enalapril maleato,Antihipertensivo (IECA),Reduce la presión arterial y protege el corazón y los riñones.,No tomar en embarazo. Puede causar tos seca. No suspender de forma abrupta.,"Tos seca persistente, mareos, cansancio. Rara vez: hinchazón de labios o garganta.","Si presenta hinchazón de cara, labios o lengua (angioedema) o dificultad para respirar, es urgente.",moderado,curada_local_v1,,2026-04-05,revision_inicial,LAT
Ramipril,Ramipril,Antihipertensivo (IECA),Reduce la presión arterial y protege el corazón tras un infarto o en insuficiencia cardíaca.,No tomar en embarazo. Puede causar tos seca. Controlar la función renal y el potasio.,"Tos seca, mareos, cansancio, hipotensión.","Si presenta angioedema (hinchazón de cara o garganta), hipotensión severa o deterioro de función renal.",moderado,curada_local_v1,,2026-04-05,revision_inicial,LAT
Amlodipino,Amlodipino besilato,Antihipertensivo (bloqueador de calcio),Baja la presión arterial y trata la angina de pecho.,No suspender de forma abrupta. Puede causar hinchazón en tobillos.,"Hinchazón de tobillos, rubor facial, palpitaciones. Raramente: dolor de cabeza.","Si tiene hinchazón muy marcada en piernas, dolor en el pecho o palpitaciones intensas.",moderado,curada_local_v1,,2026-04-05,revision_inicial,LAT
Nifedipino,Nifedipino,Antihipertensivo (bloqueador de calcio),Reduce la presión arterial y trata la angina. La versión de liberación prolongada se usa de manera habitual.,No masticar ni partir la tableta de liberación prolongada. No tomar con jugo de pomelo/toronja. No suspender bruscamente.,"Rubor facial, dolor de cabeza, mareos, hinchazón de tobillos.","Si tiene palpitaciones intensas, dolor de pecho en reposo o mareos severos al ponerse de pie.",moderado,curada_local_v1,,2026-04-05,revision_inicial,LAT
Hidroclorotiazida,Hidroclorotiazida,Diurético (tiazida),Reduce la presión arterial y elimina el exceso de líquido.,Tomar en la mañana. Puede reducir el potasio: consumir alimentos ricos en potasio. Protegerse del sol.,"Orinar con más frecuencia, debilidad muscular, mareos.","Si tiene calambres musculares intensos, arritmias cardíacas, mareos graves al ponerse de pie.",moderado,curada_local_v1,,2026-04-05,revision_inicial,LAT
Furosemida,Furosemida,Diurético (asa),Elimina el exceso de líquido del cuerpo. Muy usado en insuficiencia cardíaca y cirrosis hepática.,Tomar en la mañana. Puede causar pérdida de potasio: consumir alimentos ricos en potasio. Monitorear la función renal.,"Micción aumentada, calambres, mareos, deshidratación si se excede.","Si tiene debilidad muscular intensa, calambres, latidos irregulares o signos de deshidratación.",moderado,curada_local_v1,,2026-04-05,revision_inicial,LAT
Espironolactona,Espironolactona,Diurético (ahorrador de potasio),"Elimina líquido reteniendo potasio. Usado en insuficiencia cardíaca, cirrosis y algunos casos de hipertensión.",Puede elevar el potasio: evitar consumo excesivo de alimentos ricos en potasio o suplementos de potasio. Controlar función renal.,"Hiperpotasemia (potasio alto), mareos, aumento del tamaño de las mamas en hombres.","Si tiene debilidad muscular, latidos irregulares, entumecimiento o hormigueo (potasio alto).",moderado,curada_local_v1,,2026-04-05,revision_inicial,LAT
Bisoprolol,Bisoprolol fumarato,Betabloqueador,"Controla la presión arterial, la frecuencia cardíaca y protege el corazón en insuficiencia cardíaca.",No suspender de forma abrupta. Precaución en asma o EPOC. Puede enmascarar hipoglucemia en diabéticos.,"Cansancio, manos y pies fríos, mareos. Puede reducir la frecuencia cardíaca.","Si tiene disnea (dificultad para respirar), frecuencia cardíaca muy baja, mareos intensos o sibilancias.",moderado,curada_local_v1,,2026-04-05,revision_inicial,LAT
Carvedilol,Carvedilol,Betabloqueador (no selectivo),Trata la insuficiencia cardíaca y la hipertensión. Combina efecto betabloqueador y vasodilatador.,No suspender de forma abrupta. Precaución en asma o EPOC grave. Tomar con alimentos para reducir mareos.,"Mareos, cansancio, hipotensión, bradicardia (latidos lentos).","Si tiene dificultad intensa para respirar, latidos muy lentos o desmayos.",moderado,curada_local_v1,,2026-04-05,revision_inicial,LAT
Metoprolol,Metoprolol succinato/tartrato,Betabloqueador,"Controla la presión arterial, la frecuencia cardíaca y protege el corazón post-infarto.",No suspender de forma abrupta. Precaución en asma o EPOC. Puede enmascarar síntomas de hipoglucemia.,"Cansancio, manos y pies fríos, mareos, latidos lentos en reposo.","Si tiene dificultad para respirar, frecuencia cardíaca menor a 50 latidos/min o desmayos.",moderado,curada_local_v1,,2026-04-05,revision_inicial,LAT
Digoxina,Digoxina,Glucósido cardíaco,Controla la frecuencia cardíaca en fibrilación auricular y trata la insuficiencia cardíaca.,"Rango terapéutico muy estrecho: niveles bajos no funcionan, niveles altos son tóxicos. No alterar la dosis sin indicación médica. Controles periódicos de potasio y función renal.","Náuseas, vómitos, visión borrosa o con halo amarillo/verde, bradicardia.","Si tiene náuseas y vómitos persistentes, visión amarilla o con halos, latidos muy lentos o irregulares: es urgente.",alto,curada_local_v1,,2026-04-05,revision_inicial,LAT
Warfarina,Warfarina sódica,Anticoagulante,"Previene la formación de coágulos en fibrilación auricular, válvulas cardíacas artificiales o trombosis.",Requiere controles regulares de INR. Interacciona con muchos alimentos y medicamentos. No alterar la dieta habitual de vitamina K sin consultar al médico.,"Tendencia al sangrado, hematomas fáciles. Riesgo de sangrado grave si el INR es muy alto.","Si tiene sangrado que no se detiene, sangre en orina u heces, vómitos con sangre, o dolor de cabeza intenso y súbito.",alto,curada_local_v1,,2026-04-05,revision_inicial,LAT
Clopidogrel,Clopidogrel bisulfato,Antiagregante plaquetario,"Previene la formación de coágulos en arterias. Usado tras infarto, ACV o colocación de stents coronarios.",No suspender sin consultar al médico (riesgo de trombosis del stent). Avisar a todo profesional de salud que lo recete.,"Hematomas fáciles, hemorragia prolongada ante cortes o procedimientos.","Si tiene sangrado gastrointestinal (heces negras), hematuria, o sangrado que no cesa.",moderado,curada_local_v1,,2026-04-05,revision_inicial,LAT
Omeprazol,Omeprazol,Gastroprotector (IBP),"Reduce el ácido gástrico. Trata úlceras, reflujo y protege el estómago en quienes toman AINEs.",No usar por períodos prolongados sin indicación. Tomar 30 minutos antes del desayuno. Puede reducir absorción de vitamina B12 y magnesio a largo plazo.,"Dolor de cabeza, náuseas, diarrea o estreñimiento. Son poco frecuentes.","Si tiene dificultad para tragar, vómitos persistentes, pérdida de peso inexplicada o heces negras.",bajo,curada_local_v1,,2026-04-05,revision_inicial,LAT
Pantoprazol,Pantoprazol sódico,Gastroprotector (IBP),"Reduce el ácido gástrico. Trata esofagitis erosiva, reflujo gastroesofágico y úlceras.",Igual al omeprazol: no usar prolongadamente sin indicación. Tomar en ayunas o con poca comida.,"Diarrea, dolor de cabeza, flatulencia. Raramente: hipomagnesemia con uso crónico.","Si hay vómitos de sangre, heces negras, dolor abdominal intenso o dificultad para tragar.",bajo,curada_local_v1,,2026-04-05,revision_inicial,LAT
Famotidina,Famotidina,Gastroprotector (bloqueador H2),Reduce la acidez gástrica y alivia el ardor. Útil en reflujo leve y úlceras pépticas.,"Ajustar dosis en insuficiencia renal. Para acidez ocasional, no usar más de 2 semanas sin consultar.","Dolor de cabeza, mareos, estreñimiento. Generalmente bien tolerado.","Si los síntomas de reflujo no mejoran, o tiene dificultad para tragar y pérdida de peso.",bajo,curada_local_v1,,2026-04-05,revision_inicial,LAT
Metoclopramida,Metoclopramida,Procinético / Antiemético,"Controla las náuseas, vómitos y acelera el vaciado gástrico. Usado en gastroparesia y náuseas post-quimioterapia.",No usar por períodos prolongados. Puede causar movimientos involuntarios (discinesia tardía). Precaución en enfermedad de Parkinson.,"Somnolencia, diarrea, movimientos involuntarios con uso prolongado.","Si presenta movimientos involuntarios de la lengua, cara o extremidades, suspender y consultar.",moderado,curada_local_v1,,2026-04-05,revision_inicial,LAT
Domperidona,Domperidona,Procinético / Antiemético,"Reduce náuseas, vómitos y sensación de llenura. Ayuda a vaciar el estómago más rápido.",No superar la dosis indicada. Puede prolongar el intervalo QT en personas con riesgo cardíaco.,"Sequedad de boca, diarrea, dolor abdominal. Raramente: galactorrea.","Si presenta palpitaciones, desmayos o ritmo cardíaco irregular.",moderado,curada_local_v1,,2026-04-05,revision_inicial,LAT
Loperamida,Loperamida,Antidiarreico,"Reduce la frecuencia de las deposiciones en diarrea aguda, aliviando los síntomas.","No usar en diarrea con fiebre alta, sangre o mucus en heces. No usar más de 2 días sin consultar. No en menores de 12 años sin indicación pediátrica.","Estreñimiento, dolor abdominal, mareos.","Si la diarrea persiste más de 2 días, hay fiebre alta, sangre en heces o distensión abdominal intensa.",bajo,curada_local_v1,,2026-04-05,revision_inicial,LAT
Mesalazina,Mesalazina,Antiinflamatorio intestinal,"Trata la enfermedad inflamatoria intestinal (colitis ulcerosa, enfermedad de Crohn) manteniendo la remisión.",Controles regulares de función renal. Avisar si hay alergia al ácido acetilsalicílico.,"Dolor abdominal, diarrea, náuseas, dolor de cabeza.","Si presenta diarrea con sangre, fiebre, dolores articulares o empeoramiento de síntomas.",moderado,curada_local_v1,,2026-04-05,revision_inicial,LAT
Salbutamol,Salbutamol (albuterol),Broncodilatador (beta-2 agonista),Revierte el broncoespasmo en asma y EPOC. Es el 'inhalador de rescate' para crisis agudas.,"Usar solo cuando sea necesario (no diariamente de forma crónica sin indicación). Si se usa más de 2 veces por semana, consultar al médico.","Palpitaciones, temblor de manos, nerviosismo. Con uso excesivo: tolerancia y empeoramiento.","Si necesita usarlo más de 2-3 veces por día, si la crisis no cede con el inhalador, o si tiene dificultad para hablar.",moderado,curada_local_v1,,2026-04-05,revision_inicial,LAT
Budesonida,Budesonida,Corticosteroide inhalado,"Reduce la inflamación de las vías respiratorias en asma y EPOC. Es un tratamiento preventivo, no para crisis agudas.",Enjuagarse la boca después de cada uso para prevenir hongos. No suspender de forma abrupta. Puede tardar días en hacer efecto completo.,"Irritación de garganta, tos, candidiasis oral.","Si tiene infección oral (placas blancas), fiebre, dificultad para respirar que empeora.",bajo,curada_local_v1,,2026-04-05,revision_inicial,LAT
Montelukast,Montelukast sódico,Antiasmático (antileucotrieno),Previene síntomas de asma y rinitis alérgica. Se toma diariamente de forma preventiva.,Tomar por la noche. No reemplaza al inhalador de rescate en crisis agudas. Se han reportado cambios de ánimo o sueños anormales.,"Dolor de cabeza, malestar abdominal, insomnio. Raramente: cambios de humor o pensamientos inusuales.","Si nota cambios de conducta, agitación, pensamientos suicidas o agravamiento del asma.",moderado,curada_local_v1,,2026-04-05,revision_inicial,LAT
Loratadina,Loratadina,Antihistamínico (2ª generación),"Alivia síntomas de alergia: picazón, estornudos, rinitis y urticaria. No produce somnolencia en la mayoría.",Precaución en insuficiencia hepática. Puede causar algo de somnolencia en personas sensibles.,"Sequedad de boca, dolor de cabeza, cansancio leve.","Si tiene urticaria generalizada con hinchazón de cara o garganta, o dificultad para respirar.",bajo,curada_local_v1,,2026-04-05,revision_inicial,LAT
Cetirizina,Cetirizina,Antihistamínico (2ª generación),"Alivia rinitis alérgica, urticaria y picazón. Puede causar algo más de somnolencia que la loratadina.",Precaución en conductores de vehículos. Ajustar dosis en insuficiencia renal.,"Somnolencia, sequedad de boca, mareos.","Si hay reacción alérgica grave con hinchazón de cara, garganta o dificultad para respirar.",bajo,curada_local_v1,,2026-04-05,revision_inicial,LAT
Fexofenadina,Fexofenadina,Antihistamínico (2ª generación),Alivia síntomas de rinitis alérgica y urticaria. Muy baja somnolencia.,"No tomar con jugo de naranja, manzana o pomelo (reduce la absorción). Precaución en insuficiencia renal.","Dolor de cabeza, náuseas, mareos. Raramente: somnolencia.",Si tiene reacción alérgica severa o síntomas que no mejoran.,bajo,curada_local_v1,,2026-04-05,revision_inicial,LAT
Prednisona,Prednisona,Corticosteroide,"Reduce inflamación e inhibe el sistema inmune. Usado en alergias graves, asma, enfermedades autoinmunes.","No suspender de forma abrupta en tratamientos largos. Puede aumentar el azúcar, la presión arterial y debilitar los huesos. Tomar con alimentos.","Aumento del apetito, retención de líquidos, insomnio, irritabilidad.","Si tiene fiebre sin causa aparente, dolor intenso en cadera o hombro (necrosis avascular) o niveles de azúcar muy altos.",alto,curada_local_v1,,2026-04-05,revision_inicial,LAT
Metilprednisolona,Metilprednisolona,Corticosteroide,"Reduce la inflamación. Se usa en exacerbaciones de enfermedades autoinmunes, reacciones alérgicas graves y trasplantes.",No suspender de forma abrupta. Mayor potencia que prednisona: seguir exactamente la dosis indicada.,"Similar a prednisona: aumento de apetito, insomnio, aumento del azúcar, retención de líquidos.","Si tiene fiebre sin explicación, dolor de huesos, visión borrosa o aumento súbito de azúcar.",alto,curada_local_v1,,2026-04-05,revision_inicial,LAT
Dexametasona,Dexametasona,Corticosteroide (potente),"Corticoide potente usado en edema cerebral, inflamación grave, vómitos por quimioterapia y crup.",No suspender sin indicación médica. Puede enmascarar infecciones. Mayor riesgo de efectos sistémicos que prednisona.,Similar a prednisona pero más intensos. Puede causar hiperglucemia marcada.,"Si presenta signos de infección grave (fiebre, pus), azúcar muy alta o comportamiento inusual.",alto,curada_local_v1,,2026-04-05,revision_inicial,LAT
Sertralina,Sertralina,Antidepresivo (ISRS),"Trata la depresión, trastorno de pánico, ansiedad social y TOC. Tarda 2-4 semanas en hacer efecto.",No suspender de forma abrupta. Al inicio puede aumentar la ansiedad o el insomnio transitoriamente. Precaución en menores.,"Náuseas, insomnio, disfunción sexual, diarrea al inicio. Suelen mejorar.","Si tiene pensamientos de hacerse daño, agitación extrema o síndrome serotoninérgico (confusión, fiebre, temblores).",moderado,curada_local_v1,,2026-04-05,revision_inicial,LAT
Escitalopram,Escitalopram oxalato,Antidepresivo (ISRS),Trata la depresión y el trastorno de ansiedad generalizada. Buena tolerabilidad.,No suspender de forma abrupta. Puede prolongar el QT: precaución con otros medicamentos cardíacos. Precaución en menores.,"Náuseas, insomnio, somnolencia, disfunción sexual.","Si tiene pensamientos suicidas, agitación extrema, palpitaciones irregulares o síndrome serotoninérgico.",moderado,curada_local_v1,,2026-04-05,revision_inicial,LAT
Fluoxetina,Fluoxetina,Antidepresivo (ISRS),"Trata la depresión, bulimia nerviosa, TOC y trastorno disfórico premenstrual.",Vida media larga: los efectos persisten semanas. Muchas interacciones farmacológicas. No suspender de forma abrupta.,"Náuseas, insomnio, nerviosismo, disfunción sexual. Puede suprimir el apetito.","Si tiene pensamientos suicidas, agitación intensa, fiebre con temblores (síndrome serotoninérgico).",moderado,curada_local_v1,,2026-04-05,revision_inicial,LAT
Amitriptilina,Amitriptilina,Antidepresivo (tricíclico) / Analgésico,"Trata la depresión, el dolor neuropático crónico, la fibromialgia y la migraña profiláctica.",Puede causar somnolencia intensa: tomar de noche. Precaución en mayores (riesgo de caídas). Tóxico en sobredosis.,"Somnolencia, sequedad de boca, estreñimiento, visión borrosa, retención urinaria.","Si tiene palpitaciones irregulares, dificultad extrema para orinar o pensamientos suicidas.",alto,curada_local_v1,,2026-04-05,revision_inicial,LAT
Alprazolam,Alprazolam,Ansiolítico (benzodiazepina),Trata la ansiedad aguda y los ataques de pánico. Es un medicamento de uso a corto plazo.,Alto riesgo de dependencia con uso prolongado. No combinar con alcohol. No manejar. No suspender de forma abrupta.,"Somnolencia, mareos, deterioro de la memoria y la coordinación.","Si tiene dificultad para respirar, confusión intensa, caídas o pensamientos de hacerse daño.",alto,curada_local_v1,,2026-04-05,revision_inicial,LAT
Clonazepam,Clonazepam,Ansiolítico / Antiepiléptico (benzodiazepina),"Controla crisis epilépticas, reduce la ansiedad y los ataques de pánico.",Puede generar dependencia. No manejar ni operar maquinaria. Evitar alcohol. No suspender de forma abrupta.,"Somnolencia, mareos, lentitud, dificultad para concentrarse.","Si tiene convulsiones al intentar dejar el medicamento, dificultad para respirar o confusión grave.",alto,curada_local_v1,,2026-04-05,revision_inicial,LAT
Diazepam,Diazepam,Ansiolítico / Relajante muscular (benzodiazepina),"Trata la ansiedad, el espasmo muscular, las convulsiones febriles y el síndrome de abstinencia alcohólica.",Alto riesgo de dependencia. No combinar con alcohol u otros depresores del SNC. No suspender de forma abrupta.,"Somnolencia intensa, mareos, ataxia, amnesia.","Si tiene dificultad para respirar, pérdida del conocimiento o convulsiones al reducir la dosis.",alto,curada_local_v1,,2026-04-05,revision_inicial,LAT
Zolpidem,Zolpidem tartrato,Hipnótico (no benzodiazepina),Tratamiento a corto plazo del insomnio. Facilita conciliar el sueño.,Solo para uso nocturno. Riesgo de somnambulismo o conductas automatizadas sin recordarlas. No combinar con alcohol.,"Somnolencia residual al día siguiente, mareos, cefalea. Posible dependencia con uso prolongado.","Si tiene episodios de sonambulismo, comportamientos inusuales durante el sueño o dificultad para respirar al dormir.",alto,curada_local_v1,,2026-04-05,revision_inicial,LAT
Gabapentina,Gabapentina,Anticonvulsivante / Analgésico neuropático,"Trata el dolor neuropático (quemante, eléctrico), la epilepsia y la neuralgia postherpética.",Reducir la dosis gradualmente al suspender. Puede causar somnolencia y mareos marcados al inicio. Precaución al manejar.,"Somnolencia, mareos, ataxia, aumento de peso, edema periférico.","Si tiene cambios de humor severos, pensamientos suicidas, dificultad para respirar o reacciones alérgicas.",moderado,curada_local_v1,,2026-04-05,revision_inicial,LAT
Pregabalina,Pregabalina,Anticonvulsivante / Analgésico neuropático,"Trata el dolor neuropático, la fibromialgia, la epilepsia y el trastorno de ansiedad generalizada.",No suspender de forma abrupta. Puede causar somnolencia importante al inicio. Tiene potencial de abuso.,"Somnolencia, mareos, aumento de peso, edema, visión borrosa.","Si tiene pensamientos suicidas, reacciones alérgicas severas o angioedema.",moderado,curada_local_v1,,2026-04-05,revision_inicial,LAT
Carbamazepina,Carbamazepina,Antiepiléptico,"Trata la epilepsia, la neuralgia del trigémino y el trastorno bipolar.",Requiere controles de hemograma y función hepática. Muchas interacciones farmacológicas. No suspender de forma abrupta.,"Mareos, somnolencia, visión doble, náuseas. Puede causar alteraciones en la sangre.","Si tiene fiebre con lesiones en la piel (síndrome de Stevens-Johnson), hematomas sin causa o ictericia.",alto,curada_local_v1,,2026-04-05,revision_inicial,LAT
Valproato sódico,Valproato sódico,Antiepiléptico / Estabilizador del ánimo,"Trata la epilepsia, el trastorno bipolar y previene las migrañas.",Controles de función hepática regulares. Teratogénico (no usar en embarazo sin evaluación médica). No suspender de forma abrupta.,"Temblor, aumento de peso, caída de cabello, somnolencia, náuseas.","Si tiene dolor abdominal intenso, ictericia, convulsiones más frecuentes o hemorragias inusuales.",alto,curada_local_v1,,2026-04-05,revision_inicial,LAT
Levotiroxina,Levotiroxina sódica,Hormona tiroidea,Reemplaza o complementa la hormona tiroidea en hipotiroidismo.,"Tomar en ayunas, 30-60 min antes del desayuno. No tomar junto con calcio, hierro ni antiácidos. Controles de TSH periódicos.","Bien tolerado a dosis correctas. Con sobredosis: palpitaciones, insomnio, pérdida de peso, nerviosismo.","Si tiene palpitaciones intensas, temblores, pérdida de peso inexplicada o diarrea persistente (posible sobredosis).",moderado,curada_local_v1,,2026-04-05,revision_inicial,LAT
Tramadol,Tramadol,Analgésico opiáceo,Alivia el dolor moderado a intenso cuando los AINEs no son suficientes.,Riesgo de dependencia. No combinar con alcohol ni depresores del SNC. Puede causar convulsiones a dosis altas. No manejar.,"Náuseas, mareos, estreñimiento, somnolencia, sudoración.","Si tiene convulsiones, dificultad para respirar, confusión intensa o pensamientos suicidas.",alto,curada_local_v1,,2026-04-05,revision_inicial,LAT
Alopurinol,Alopurinol,Antigotoso (xantino-oxidasa),Reduce el ácido úrico en sangre para prevenir ataques de gota y cálculos renales por urato.,No tomar durante un ataque agudo de gota (puede empeorarlo). Iniciar con dosis baja y aumentar gradualmente. Beber suficiente agua.,"Erupciones cutáneas, náuseas, diarrea. Raramente: reacciones graves en piel.","Si tiene erupción cutánea severa con ampollas (síndrome de Stevens-Johnson), fiebre o lesiones en mucosas.",moderado,curada_local_v1,,2026-04-05,revision_inicial,LAT
Colchicina,Colchicina,Antigotoso,Trata y previene los ataques agudos de gota. También se usa en pericarditis.,La dosis es crítica: poco margen entre dosis terapéutica y tóxica. Precaución en insuficiencia renal o hepática. Interacciones con estatinas y algunos antibióticos.,"Diarrea, náuseas, dolor abdominal. A dosis altas: toxicidad grave.","Si tiene diarrea severa, calambres musculares, debilidad extrema o signos de fallo orgánico.",alto,curada_local_v1,,2026-04-05,revision_inicial,LAT
Aciclovir,Aciclovir,Antiviral,"Trata el herpes simple (labial y genital), la varicela y el herpes zóster. Reduce la duración y gravedad de los brotes.",Hidratarse bien durante el tratamiento. Iniciar lo antes posible al detectar síntomas. Precaución en insuficiencia renal.,"Náuseas, diarrea, dolor de cabeza. Rara vez: confusión o insuficiencia renal.","Si tiene confusión, dificultad para orinar, sarpullido inusual o fiebre alta durante el tratamiento.",moderado,curada_local_v1,,2026-04-05,revision_inicial,LAT
Fluconazol,Fluconazol,Antifúngico (triazol),"Trata infecciones por hongos: candidiasis oral, vaginal y otras. Dose única para candidiasis vaginal sin complicaciones.","Puede interactuar con warfarina, estatinas y otros medicamentos. Precaución en problemas hepáticos.","Náuseas, dolor de cabeza, dolor abdominal. Raramente: daño hepático.","Si tiene ictericia, erupciones generalizadas, o los síntomas de la infección no mejoran o empeoran.",moderado,curada_local_v1,,2026-04-05,revision_inicial,LAT
Melatonina,Melatonina,Hormona / Suplemento del sueño,Ayuda a regular el ciclo sueño-vigilia. Útil en jet lag y dificultad para conciliar el sueño a una hora adecuada.,Tomar 30-60 minutos antes de dormir. Evitar en embarazo o lactancia sin consulta médica. Puede causar somnolencia residual.,"Somnolencia, mareos, dolor de cabeza. Bien tolerado a dosis bajas.","Si tiene reacciones alérgicas, somnolencia excesiva al día siguiente o no mejora el sueño en 1-2 semanas.",bajo,curada_local_v1,,2026-04-05,revision_inicial,LAT
Calcio + Vitamina D3,Carbonato de calcio / Colecalciferol,Suplemento mineral / Vitamínico,Previene y trata la deficiencia de calcio y vitamina D. Apoya la salud ósea en osteoporosis y personas mayores.,Tomar con alimentos para mejorar la absorción del calcio. No exceder las dosis recomendadas (riesgo de hipercalcemia con sobredosis prolongada).,"Estreñimiento, distensión abdominal. Raramente: hipercalcemia con dosis altas prolongadas.","Si tiene náuseas intensas, debilidad muscular, confusión o cálculos renales repetidos.",bajo,curada_local_v1,,2026-04-05,revision_inicial,LAT
Hierro ferroso,Sulfato ferroso / Gluconato ferroso,Suplemento de hierro,Trata la anemia por deficiencia de hierro. Repone las reservas de hierro del organismo.,"Tomar con vitamina C o jugo de naranja para mejorar la absorción. Evitar con té, café, lácteos y antiácidos simultáneamente. Puede estreñir.","Náuseas, estreñimiento, heces de color negro (normal), malestar estomacal.","Si tiene heces negras alquitranadas (diferente a color oscuro esperado), dolor abdominal intenso o vómitos.",bajo,curada_local_v1,,2026-04-05,revision_inicial,LAT
Ácido fólico,Ácido fólico (vitamina B9),Vitamina / Suplemento,Previene defectos del tubo neural en el embarazo. Trata la deficiencia de ácido fólico. Apoya la división celular.,Dosis de 400-800 mcg/día en embarazo. En dosis muy altas puede enmascarar deficiencia de vitamina B12.,Bien tolerado. Raramente: reacciones alérgicas.,"Si no hay mejoría de la anemia tras 1 mes de tratamiento, o si tiene síntomas neurológicos.",bajo,curada_local_v1,,2026-04-05,revision_inicial,LAT
Vitamina B12,Cianocobalamina / Metilcobalamina,Vitamina / Suplemento,"Trata la deficiencia de vitamina B12. Apoya la función neurológica, la producción de glóbulos rojos y el ADN.","Indispensable en personas con anemia perniciosa, mayores, veganos y quienes toman metformina a largo plazo.",Bien tolerado. Inyectable: puede causar dolor leve en el sitio de aplicación.,"Si tiene hormigueo o entumecimiento en manos y pies, debilidad, deterioro de la memoria o anemia persistente.",bajo,curada_local_v1,,2026-04-05,revision_inicial,LAT
